"","教室","月1","月2","月3","月4","月5","火1","火2","火3","火4","火5","水1","水2","水3","水4","水5","木1","木2","木3","木4","木5","金1","金2","金3","金4","金5"
"1","１０１０３教室","1","1","1","1","1","1","1","1","1","1","1","1","1","1","1","1","1","1","1","1","1","1","1","1","1"
"2","１０３１０教室","0","1","1","1","1","1","1","1","0","0","1","1","1","1","0","0","1","1","1","1","0","1","1","1","0"
"3","テニスコート","0","0","0","0","0","0","0","0","0","0","0","0","0","0","0","1","1","1","1","0","1","1","1","0","0"
"4","９７５教室","1","1","1","1","0","1","1","1","1","0","1","1","1","1","0","1","1","1","1","0","0","1","1","1","1"
"5","７０２教室","1","1","1","1","1","1","1","0","0","0","0","1","1","1","1","0","1","1","1","0","1","1","1","1","0"
"6","１０２０１教室","0","1","1","1","0","1","1","1","1","1","1","1","1","1","0","1","1","1","1","0","1","1","1","1","0"
"7","ゼミ９５Ｈ","0","0","0","1","1","0","0","0","0","0","0","1","1","1","0","0","0","0","1","0","0","1","0","1","0"
"8","７１２教室","1","1","1","1","1","0","1","1","1","0","1","1","1","1","0","1","1","1","1","0","1","1","1","0","0"
"9","ゼミ７４教室","0","0","1","1","1","0","1","0","0","0","0","1","1","1","0","0","1","1","0","0","0","0","0","1","0"
"10","１３３教室","0","1","1","1","1","0","1","1","0","0","0","1","1","1","0","1","1","1","0","0","1","1","1","0","0"
"11","１２４教室","0","1","1","0","0","1","1","0","1","0","0","1","1","1","0","0","1","1","0","0","0","0","1","0","0"
"12","ゼミ７９教室","0","1","1","1","0","0","1","0","0","0","1","0","0","1","1","0","0","1","1","0","0","1","1","0","0"
"13","研究室８４２９","0","0","0","0","0","0","0","0","0","0","0","0","0","0","0","0","0","0","0","1","0","0","0","0","0"
"14","研究室９７０９","0","0","0","0","0","1","0","0","0","0","1","0","0","0","0","0","0","1","1","0","0","0","0","0","0"
"15","１０３０８教室","1","1","1","1","0","1","1","0","1","0","1","1","1","1","0","0","1","1","1","0","0","1","1","1","1"
"16","４１０教室","1","1","1","0","0","1","1","0","0","0","0","1","1","1","0","0","1","1","1","1","0","0","1","0","0"
"17","ゼミ９５Ｉ","0","1","1","1","1","0","1","0","0","0","0","1","1","1","0","0","1","1","1","0","0","0","0","1","0"
"18","ゼミ１０５Ｓ","0","0","0","0","1","0","1","0","0","0","0","1","0","0","1","0","0","1","1","0","0","1","1","0","0"
"19","研究室９７１２","0","0","0","0","0","0","0","0","0","0","0","0","1","1","0","0","0","0","0","0","0","1","1","0","0"
"20","１０２０９教室","1","1","1","1","1","1","1","0","1","0","1","1","1","1","1","1","1","1","1","0","0","1","1","1","1"
"21","１０２０４教室","0","1","1","1","1","1","1","0","1","0","1","1","1","1","1","1","1","1","1","0","1","1","1","1","0"
"22","８１３教室","0","1","1","1","0","1","1","0","0","0","0","1","1","1","0","1","1","1","0","0","0","1","1","0","1"
"23","５２８教室","0","1","1","1","0","1","1","1","1","0","1","1","1","1","1","1","1","1","1","0","0","1","1","1","1"
"24","２２２教室","0","1","1","1","0","0","1","0","0","1","1","1","1","1","0","0","0","0","1","1","0","1","0","1","0"
"25","９６１教室","0","0","0","0","0","0","0","0","0","0","0","0","0","0","0","0","0","0","0","0","0","1","0","0","0"
"26","ゼミ９５Ｃ","0","0","0","1","1","0","0","0","0","0","0","1","1","1","0","1","0","1","1","0","0","1","0","1","1"
"27","ゼミ１０５Ｊ","0","0","0","0","0","0","0","0","0","0","0","1","0","1","0","0","0","0","0","0","0","0","1","0","0"
"28","９６８教室","0","1","0","0","0","1","1","0","0","0","0","1","0","1","0","1","1","1","0","0","0","0","0","0","0"
"29","１０３０７教室","0","1","1","0","1","1","1","0","0","0","1","1","1","1","0","0","1","1","1","1","0","0","1","1","0"
"30","２２６教室","0","1","1","1","0","0","1","0","0","0","0","1","0","0","0","0","0","0","1","1","0","1","0","0","0"
"31","ゼミ９５Ａ","0","0","0","0","0","0","1","0","1","0","0","1","1","1","0","1","1","1","0","0","0","0","0","1","0"
"32","ゼミ９５Ｆ","1","0","1","1","0","1","1","0","0","0","0","1","1","1","0","0","0","1","1","1","0","1","0","1","1"
"33","ゼミ９５Ｂ","0","0","0","1","1","0","0","0","0","0","0","1","1","0","1","1","0","1","1","1","0","0","0","1","0"
"34","研究室９７２１","1","1","0","0","0","0","0","0","0","0","0","0","0","0","0","0","0","0","0","0","0","0","0","0","0"
"35","１０１０２教室","1","1","1","1","0","1","1","1","1","1","1","1","1","1","1","1","1","1","1","1","1","1","1","1","1"
"36","８２３教室","0","1","1","1","0","1","1","1","0","0","1","1","1","1","0","0","1","1","1","0","1","1","1","1","0"
"37","ゼミ７６教室","0","1","1","1","0","1","1","0","0","0","0","1","1","1","1","0","0","1","1","1","0","1","1","0","0"
"38","北グラウンド","0","0","0","0","0","1","1","1","0","0","1","1","0","1","0","1","1","0","0","0","1","1","1","0","0"
"39","９７６教室","0","1","1","1","1","1","1","0","0","0","1","1","1","1","0","0","1","1","1","1","1","1","1","1","1"
"40","１１４教室","0","1","1","1","0","1","1","1","1","0","1","1","1","1","0","1","1","1","1","0","0","1","1","0","0"
"41","ゼミ９５Ｊ","0","0","1","1","0","0","1","0","0","0","0","1","1","1","0","0","0","1","1","0","0","0","0","0","0"
"42","ゼミ９５Ｅ","1","1","1","1","1","0","1","0","0","0","0","1","1","1","0","0","1","1","1","0","1","1","1","1","1"
"43","ゼミ１０５Ｕ","0","0","0","0","0","0","1","0","0","0","0","0","0","0","0","0","0","0","0","0","0","0","0","0","0"
"44","１０３１２教室","1","1","1","1","1","1","1","0","0","0","1","1","1","1","0","1","1","1","1","0","1","1","1","1","0"
"45","ゼミ９５Ｄ","0","0","1","1","0","0","1","1","0","0","0","1","1","1","1","0","1","1","0","0","0","0","0","1","0"
"46","１０２１４教室","1","1","1","1","1","1","1","0","0","0","1","1","1","1","1","0","1","1","1","1","1","1","1","1","0"
"47","１０３１４教室","0","1","1","1","1","1","1","0","0","1","1","1","1","1","1","1","0","1","1","0","1","1","1","1","1"
"48","１０２０５教室","0","1","1","1","1","1","1","0","0","0","1","1","1","1","1","1","1","1","1","1","1","1","1","1","0"
"49","１０２０３教室","1","1","1","1","1","1","1","1","1","1","1","1","1","1","1","1","1","1","1","0","1","1","1","1","1"
"50","研究室９５２４","0","0","1","1","0","0","0","0","0","0","0","0","0","0","0","0","1","1","0","0","0","0","0","0","0"
"51","２２４教室","0","0","1","1","0","0","1","0","0","0","0","1","1","1","1","0","1","1","1","1","0","1","1","1","0"
"52","２２１教室","0","0","0","1","0","0","1","0","0","0","1","1","1","1","1","0","1","1","1","1","1","1","0","0","0"
"53","１０３０３教室","1","1","0","1","1","1","1","1","1","1","1","1","0","1","1","0","1","1","1","1","1","1","1","1","1"
"54","１０２１２教室","0","1","1","1","1","1","1","1","0","0","1","1","1","1","1","0","1","1","1","0","0","1","1","1","1"
"55","７２３教室","0","1","1","1","1","1","1","0","0","0","1","1","1","1","0","0","1","1","1","0","0","1","1","0","0"
"56","９７２教室","1","1","1","1","1","1","1","0","1","0","1","1","1","1","1","1","1","1","0","1","1","1","1","1","0"
"57","１０２１０教室","0","1","1","1","0","1","1","0","0","0","1","1","1","1","1","1","1","1","1","0","1","1","1","1","0"
"58","スタジオ２０２","0","1","1","0","1","1","1","1","0","0","0","1","1","1","1","0","1","1","0","1","0","1","1","0","1"
"59","ゼミ７７教室","0","1","1","1","0","0","1","0","0","0","1","1","0","0","0","0","0","0","1","0","0","1","1","0","0"
"60","ゼミ１０５Ｇ","0","0","0","1","0","0","1","0","0","0","1","1","1","1","0","0","1","0","1","1","0","0","1","0","0"
"61","研究室１０６３４","0","0","0","0","0","0","0","0","0","0","0","0","0","0","0","0","1","0","1","1","0","0","0","0","1"
"62","１３２教室","1","1","1","1","0","1","1","1","0","1","0","1","1","1","0","1","1","1","1","0","0","1","1","1","1"
"63","１０３０２教室","0","1","1","1","1","1","1","1","1","1","1","1","1","1","0","0","1","1","1","1","0","1","1","1","0"
"64","３３６教室","0","1","0","0","1","1","1","1","1","0","0","1","1","1","1","0","1","1","0","1","1","1","0","1","1"
"65","１０３０１教室","0","1","1","1","0","0","1","0","0","1","0","1","1","1","1","0","1","1","1","0","0","1","1","1","0"
"66","１０２１５教室","0","1","1","1","1","1","1","0","0","1","1","1","1","1","1","0","1","1","1","1","1","1","0","1","0"
"67","シアター２０１","0","1","1","1","1","1","1","0","0","0","1","1","1","1","0","0","1","1","1","0","1","1","1","1","1"
"68","３３４教室","0","1","1","1","1","0","1","0","0","0","1","1","1","1","0","0","1","0","1","0","0","1","1","1","1"
"69","研究室３６１８","0","0","0","0","0","0","0","0","0","0","0","0","1","0","0","0","0","1","0","0","0","0","1","0","0"
"70","９７１教室","0","1","1","1","1","1","1","0","1","0","1","1","1","1","0","0","1","1","1","1","0","1","1","0","1"
"71","１０２１１教室","1","1","1","1","1","1","1","0","0","0","1","1","1","1","0","0","0","1","1","0","0","0","1","1","1"
"72","２０９教室","0","1","1","0","1","1","1","1","0","0","1","1","1","1","1","0","1","1","1","1","1","1","1","1","1"
"73","ゼミ７５教室","0","1","1","1","1","0","1","0","0","0","0","1","1","1","0","0","1","1","1","1","0","0","0","0","0"
"74","研究室１０６４０","0","0","0","0","0","0","0","0","0","0","0","0","0","0","0","0","1","1","0","0","0","1","1","0","0"
"75","１３１教室","1","1","1","1","0","0","1","1","0","1","0","1","1","1","0","1","1","1","1","0","0","1","1","1","0"
"76","１０３０９教室","0","1","1","1","1","1","1","1","1","1","1","1","1","1","1","0","1","1","1","1","1","1","1","1","0"
"77","１０３０６教室","1","1","1","1","0","0","1","0","0","0","0","0","1","1","1","0","1","1","1","1","1","1","1","1","1"
"78","１０２０８教室","0","1","1","1","1","1","1","0","0","0","1","1","1","1","1","0","1","1","1","0","0","1","1","1","0"
"79","１０２１３教室","1","1","1","1","0","0","1","1","0","0","1","1","1","1","1","0","1","1","1","1","0","1","1","1","0"
"80","研究室３４０６","0","0","0","0","0","0","0","0","0","0","0","0","0","0","0","0","0","0","0","0","1","1","0","0","0"
"81","４２８教室","0","1","1","1","0","0","1","0","0","0","0","1","0","0","0","0","1","1","0","0","0","1","1","1","0"
"82","７０１教室","1","1","1","0","1","1","1","0","0","0","1","1","1","1","1","0","1","1","1","1","1","1","1","1","0"
"83","７１１教室","0","1","1","1","1","0","1","0","0","0","1","1","1","1","1","0","1","1","1","1","1","1","1","1","0"
"84","３３２教室","0","0","1","0","1","0","1","1","0","0","0","1","0","1","1","1","1","0","0","0","0","0","0","0","1"
"85","研究室９５２５","0","0","0","0","0","0","0","0","0","0","0","0","0","1","1","0","0","0","0","0","0","0","0","0","0"
"86","研究室３４０５","1","0","0","1","0","0","0","0","0","0","0","0","0","0","0","0","0","0","0","0","0","0","1","0","0"
"87","８１４教室","1","1","1","1","0","1","1","0","0","1","1","1","1","0","0","0","1","1","1","0","1","1","0","1","1"
"88","５２５教室","0","1","1","1","0","1","1","1","1","0","1","1","1","1","0","1","1","1","0","0","0","1","1","1","1"
"89","ゼミ１０１Ｈ","0","0","0","1","1","0","0","0","0","0","0","1","1","1","1","0","1","0","1","0","1","1","0","0","0"
"90","１０２０７教室","0","1","1","1","1","1","1","0","0","0","1","1","1","1","0","1","0","1","1","0","0","1","1","1","0"
"91","研究室３５１２","0","0","0","0","0","0","0","0","0","0","0","0","0","0","0","0","0","1","0","0","0","0","1","0","0"
"92","１２２教室","0","1","1","1","0","1","1","0","0","0","0","0","1","1","0","0","0","1","1","1","1","1","0","1","0"
"93","スタジオ２１１","1","1","1","1","0","1","1","0","0","0","0","1","1","1","1","0","1","1","1","1","1","1","1","1","1"
"94","研究室１０６０９","1","0","0","0","0","0","0","0","0","0","0","0","0","0","0","0","0","0","0","0","0","0","0","0","0"
"95","１０２０６教室","0","1","1","0","0","1","1","0","1","0","1","1","1","1","1","1","1","1","1","0","0","1","1","1","0"
"96","１０３１１教室","0","1","1","1","0","1","1","0","0","0","1","1","0","1","0","0","1","1","1","0","1","1","1","1","0"
"97","４２０教室","0","1","1","1","1","1","1","0","0","0","1","1","1","1","1","1","1","1","1","1","0","1","1","0","1"
"98","ゼミ７２教室","0","1","1","1","0","0","1","0","0","0","1","1","1","1","0","0","1","1","1","0","0","0","1","1","0"
"99","８２４教室","0","1","1","1","0","0","1","1","0","0","1","1","1","1","0","0","1","1","0","1","1","1","1","1","0"
"100","３３１教室","1","1","1","0","0","0","1","0","0","0","1","1","1","0","1","1","1","0","0","0","1","1","1","0","0"
"101","７２１教室","1","1","1","1","1","0","1","0","0","0","0","1","1","1","0","1","1","1","1","1","1","1","0","1","1"
"102","１０２０２教室","1","1","1","0","0","1","1","1","1","0","1","1","1","1","1","1","1","1","1","0","1","1","1","1","0"
"103","１０３０５教室","0","1","1","1","1","1","1","0","0","0","1","1","1","1","0","0","0","1","1","0","1","1","1","0","0"
"104","５２２教室","0","0","0","0","0","0","0","0","0","0","0","0","1","1","0","0","0","0","0","0","0","0","0","0","0"
"105","１１７教室","0","1","1","1","1","0","1","0","0","0","1","1","1","1","0","0","1","1","1","1","1","1","1","0","0"
"106","８１２教室","1","1","0","1","0","1","1","0","0","0","0","1","1","1","1","0","1","1","0","0","0","1","1","1","0"
"107","１０３１３教室","0","1","1","1","0","1","1","0","1","0","1","1","1","1","1","1","1","1","1","1","1","1","0","1","0"
"108","７６１教室","0","0","0","0","0","0","0","0","0","0","0","0","0","0","0","0","0","0","0","1","0","0","0","0","0"
"109","３３７教室","0","1","1","0","1","0","0","0","0","0","0","0","1","1","1","0","0","0","1","1","0","0","1","1","1"
"110","研究室３５０９","0","0","0","1","1","0","0","0","0","0","0","0","0","0","0","0","0","0","0","0","0","0","0","1","1"
"111","ゼミ７３教室","0","0","1","1","1","0","1","0","0","0","0","1","1","1","0","0","1","1","1","1","0","0","1","0","0"
"112","１０１０５教室","1","1","1","1","0","1","1","1","1","0","1","1","1","1","1","0","1","1","1","1","0","1","1","1","0"
"113","１２１教室","0","1","1","0","0","1","1","0","0","0","0","0","1","1","0","0","0","1","1","0","0","1","0","1","0"
"114","１０５教室","1","1","1","1","0","1","1","1","1","0","0","1","1","1","1","1","1","1","1","1","1","1","1","1","1"
"115","１０１０１教室","1","1","1","1","1","1","1","1","1","0","1","1","1","1","1","1","1","1","1","1","1","1","1","1","1"
"116","研究室８４２８","0","0","0","0","0","0","0","1","0","0","0","0","1","0","0","0","0","0","0","0","0","0","0","0","0"
"117","８２１教室","1","1","1","1","1","1","1","1","0","1","1","1","1","1","0","1","1","1","1","1","1","0","0","1","1"
"118","ゼミ９５Ｇ","0","1","1","1","1","0","1","0","0","0","0","1","1","0","1","0","1","1","1","1","1","1","0","1","1"
"119","８１１教室","0","1","0","1","0","1","1","0","1","0","1","1","0","0","0","0","1","1","0","1","0","1","1","1","0"
"120","３３３教室","1","1","1","1","0","0","1","0","1","1","0","1","1","0","1","0","0","1","1","0","0","0","1","1","0"
"121","研究室３４１５","0","0","0","0","0","1","1","0","0","0","0","0","0","0","0","0","0","0","0","0","0","0","0","0","0"
"122","９７４教室","1","1","0","1","1","0","1","1","1","0","1","1","1","1","1","1","1","1","1","1","0","1","1","1","0"
"123","３３９教室","0","1","0","1","1","0","1","0","1","1","0","0","1","1","0","0","0","0","0","0","0","1","1","0","0"
"124","５２１教室","0","0","0","0","0","0","0","0","0","0","0","1","1","1","0","0","0","0","0","0","0","0","0","0","0"
"125","３３５教室","0","0","1","1","1","1","1","1","0","0","0","0","1","0","0","0","0","0","1","1","0","0","0","1","1"
"126","ゼミ１０５Ｆ","0","0","1","1","0","1","1","1","1","0","1","1","1","1","0","0","1","0","1","1","0","1","0","0","1"
"127","研究室８４１５","0","0","0","0","0","0","0","0","0","0","0","0","0","0","1","0","0","0","1","1","0","0","0","0","0"
"128","９７３教室","0","1","1","1","1","0","1","0","1","0","0","1","1","1","1","1","1","1","1","0","1","1","1","1","0"
"129","研究室８４１８","0","0","0","0","0","0","0","0","0","0","0","1","0","0","0","0","0","0","0","0","1","0","0","0","0"
"130","９７８教室","1","1","1","1","1","1","1","1","1","1","1","1","1","1","0","1","1","1","1","1","1","1","1","1","0"
"131","ゼミ７１教室","0","1","1","1","1","0","0","0","0","0","0","1","0","1","0","0","1","1","1","1","0","0","0","1","0"
"132","ゼミ１０１Ｆ","0","1","1","0","0","0","0","0","0","0","0","1","1","1","0","0","1","1","1","0","0","0","0","0","0"
"133","１０３１５教室","0","1","1","1","1","1","1","0","1","1","1","1","1","1","1","0","1","1","0","1","1","1","1","1","0"
"134","７１３教室","1","1","1","1","1","1","1","0","0","0","0","1","1","1","0","1","1","1","1","0","1","1","1","1","0"
"135","７１４教室","0","1","1","1","1","1","1","0","0","0","1","1","1","1","0","1","1","1","1","0","1","1","1","1","0"
"136","５２６教室","0","1","0","0","0","0","1","0","0","0","0","1","0","1","0","0","0","0","0","0","0","0","1","0","0"
"137","１１８教室","0","1","1","0","0","1","1","0","1","0","0","1","0","1","1","0","1","1","1","0","1","1","0","0","0"
"138","ゼミ１０１Ｃ","0","0","0","1","0","0","0","0","0","0","0","1","1","1","0","0","1","1","1","0","0","1","0","0","0"
"139","９７９教室","1","1","1","1","0","0","1","0","0","1","0","1","1","1","1","1","1","1","1","0","1","1","1","0","1"
"140","研究室９７２６","0","0","0","0","0","0","0","0","0","0","1","1","0","0","0","0","0","0","0","0","0","0","0","0","0"
"141","ゼミ１０５Ｅ","0","0","0","1","0","1","1","0","0","0","1","1","1","1","1","0","1","0","1","1","0","1","0","0","0"
"142","研究室９７１１","0","0","1","0","1","0","0","0","0","0","0","0","0","0","0","0","0","0","0","0","0","0","0","0","0"
"143","１０３０４教室","1","1","1","1","1","1","1","1","0","0","1","1","1","1","0","0","1","1","1","1","0","1","1","1","1"
"144","１４教室","0","1","1","1","1","1","1","1","1","0","1","1","1","1","1","1","1","1","0","1","0","1","1","0","1"
"145","１２教室","1","1","1","0","0","1","1","1","1","0","0","1","1","1","1","1","0","0","1","1","0","1","1","1","0"
"146","４２３教室","1","1","1","0","1","0","1","0","0","0","1","1","0","0","0","1","0","1","1","1","1","1","1","1","0"
"147","１２５教室","1","1","1","0","0","1","1","0","0","0","1","1","1","1","0","0","1","1","1","1","0","0","0","1","0"
"148","４２９教室","0","1","1","1","0","0","0","0","0","0","1","1","0","0","0","1","1","1","0","0","0","1","1","0","0"
"149","５４１教室","0","1","1","1","0","1","1","0","0","0","0","0","1","1","0","1","1","1","1","1","0","1","1","1","0"
"150","１０６教室","1","1","1","1","1","1","1","1","1","0","1","1","1","1","1","1","1","1","1","1","1","1","1","1","1"
"151","４２２教室","0","0","1","1","0","0","0","0","0","0","0","1","1","1","0","0","0","0","1","0","1","1","0","0","0"
"152","１０７教室","1","1","1","1","1","1","1","0","0","0","0","1","1","1","1","1","1","1","1","1","1","1","1","1","0"
"153","２０７教室","1","1","1","1","1","1","1","0","1","0","1","1","1","1","1","1","1","1","1","1","1","1","1","1","1"
"154","１０４教室","1","1","1","1","1","1","1","0","0","0","0","1","1","1","1","1","1","1","1","1","1","1","1","1","1"
"155","２０１教室","1","1","1","1","1","1","1","1","1","1","1","1","1","1","1","1","0","1","1","1","1","1","1","1","1"
"156","９７７教室","0","1","1","1","0","1","1","1","0","1","1","1","1","1","0","1","1","1","1","0","1","0","1","1","1"
"157","２０３教室","1","0","1","0","0","1","1","0","0","1","0","1","1","1","1","1","0","1","1","1","0","1","1","1","1"
"158","２０４教室","1","1","1","1","1","1","1","1","1","1","0","1","1","1","1","1","1","1","1","1","1","1","1","0","1"
"159","２０６教室","1","1","1","1","1","1","1","0","1","1","1","1","1","1","1","1","1","1","1","1","1","1","1","1","1"
"160","１００４２教室","1","1","1","1","1","1","1","1","1","0","1","1","1","1","1","1","1","1","1","1","1","1","1","1","0"
"161","１００５２教室","1","1","1","1","1","1","1","1","0","0","1","1","1","1","0","1","1","1","0","1","0","1","1","1","1"
"162","２０５教室","1","1","1","1","1","1","1","0","0","0","1","1","1","1","1","1","1","1","1","1","1","1","1","1","1"
"163","９６７教室","1","1","1","1","0","1","1","1","1","0","1","0","1","0","0","1","1","1","1","0","1","1","1","1","0"
"164","３０６教室","1","1","1","1","1","0","1","1","1","0","0","0","1","1","1","0","1","1","1","0","1","1","1","0","0"
"165","３０１教室","1","1","1","1","0","1","1","1","1","0","1","1","1","1","0","1","1","1","1","1","0","1","1","1","0"
"166","ゼミ７８教室","0","1","0","0","0","0","0","0","0","0","0","1","1","1","0","0","1","1","1","1","0","1","1","1","0"
"167","ゼミ４５教室","0","0","1","1","1","0","1","0","0","0","1","0","1","1","1","0","0","1","1","1","0","1","0","1","0"
"168","グローバルＣ","0","0","0","0","0","0","1","0","1","0","0","1","0","0","0","0","0","1","0","0","0","0","0","0","0"
"169","１０３教室","0","1","1","1","0","1","1","1","1","0","0","1","1","1","1","0","1","1","1","1","1","1","1","0","1"
"170","１００６１教室","1","1","1","1","1","1","1","1","1","1","1","1","1","1","1","0","1","1","1","1","0","1","1","1","0"
"171","１５教室","0","1","1","1","0","1","1","0","0","0","1","1","1","1","1","0","1","0","1","1","1","1","1","1","0"
"172","２０８教室","1","1","1","1","1","1","1","1","1","0","1","1","1","1","1","1","1","1","1","1","1","1","1","1","1"
"173","ＣＡＬＬ教室１","1","1","1","0","0","0","0","0","0","0","1","1","1","1","0","1","1","0","0","0","1","1","1","0","0"
"174","７２４教室","1","1","1","1","1","1","1","0","0","0","1","1","1","1","0","1","1","1","1","1","1","1","0","1","0"
"175","１００６２教室","0","1","1","1","1","1","1","1","0","0","0","1","0","1","1","1","1","1","1","1","0","1","1","1","0"
"176","１０２教室","0","1","1","1","1","1","1","1","1","1","0","0","1","1","1","0","1","1","0","1","1","1","1","1","1"
"177","４２５教室","0","0","1","0","0","0","0","0","0","0","1","1","0","0","0","0","0","0","0","0","0","1","0","0","0"
"178","ゼミ７０教室","0","0","0","0","1","0","1","0","0","0","0","1","1","1","1","1","1","1","1","0","0","0","1","0","0"
"179","ゴルフ練習場","0","0","0","0","0","1","1","0","0","0","1","1","0","0","0","1","1","0","0","0","1","1","1","0","0"
"180","１０１１２教室","1","1","1","1","0","1","1","1","1","0","1","1","1","1","1","0","1","1","1","1","1","1","1","1","1"
"181","ゼミ１０１２Ａ","1","1","1","1","1","0","1","1","1","0","0","1","1","1","1","0","1","1","1","1","0","1","1","1","1"
"182","ゼミ１０１２Ｃ","1","1","1","1","1","0","1","0","1","0","0","1","0","1","1","0","1","1","1","1","1","1","1","1","1"
"183","ゼミ１０１Ｄ","0","0","0","1","0","0","0","1","0","0","0","1","1","1","0","0","0","1","1","0","0","0","0","0","0"
"184","７２２教室","0","1","1","1","1","1","1","0","0","0","1","1","1","1","0","0","0","1","1","0","1","1","1","0","0"
"185","１００９２教室","1","1","1","1","1","1","1","0","0","0","1","1","1","1","1","0","1","1","1","1","1","1","1","1","0"
"186","１０１１４教室","1","0","1","0","1","0","0","1","1","0","0","1","1","1","0","0","1","1","1","1","0","1","1","1","0"
"187","４２４教室","1","1","1","1","0","0","1","0","0","0","1","1","0","0","0","1","1","1","0","0","1","1","1","0","0"
"188","１０１教室","0","1","1","1","1","1","1","1","1","0","1","1","1","1","1","1","1","1","1","1","1","1","1","1","1"
"189","１０１１５教室","1","0","1","1","1","1","1","1","0","0","1","1","1","1","0","1","1","1","1","1","1","1","1","1","0"
"190","グローバルＢ","0","0","0","0","0","0","0","0","0","0","0","0","0","0","0","0","1","0","0","0","1","1","0","1","0"
"191","ゼミ４２教室","1","1","1","0","1","1","0","0","0","0","1","1","1","1","1","1","0","1","1","1","0","1","1","1","0"
"192","１００３１教室　黒門ホール","1","1","1","1","1","0","0","1","0","0","1","1","1","1","1","1","1","1","1","1","1","1","1","1","1"
"193","ゼミ１０１Ａ","0","1","0","1","0","0","0","1","1","0","0","1","1","1","0","0","0","0","0","0","0","0","0","0","0"
"194","３０２教室","1","1","1","1","0","1","1","1","1","0","0","1","1","1","1","1","1","1","1","0","1","1","1","1","0"
"195","１００４１教室","0","1","1","1","1","1","0","0","0","1","1","1","1","1","1","1","1","1","0","1","1","1","1","1","1"
"196","４２６教室","0","1","1","0","0","0","1","0","1","0","1","1","0","0","0","1","1","1","0","0","0","1","1","0","0"
"197","１００５１教室","0","1","1","1","1","1","1","0","1","1","1","1","1","1","1","1","1","1","1","1","0","1","1","1","0"
"198","フェンシング場","0","0","0","0","0","1","1","0","0","0","1","1","0","0","0","1","1","0","0","0","1","1","1","0","0"
"199","ゼミ１０５Ｈ","0","0","1","1","0","0","0","0","0","0","0","1","1","1","0","0","1","0","1","1","0","1","0","0","0"
"200","アリーナ","0","1","0","0","0","1","1","0","0","0","1","1","1","0","0","1","1","0","0","0","0","1","1","1","0"
"201","５７１教室","0","1","1","1","0","0","1","0","0","0","1","1","1","1","1","0","1","1","0","1","0","1","1","1","1"
"202","５２３教室","0","0","1","0","0","0","1","0","0","0","0","0","0","1","0","0","0","0","0","0","0","0","0","0","0"
"203","体育室１","1","1","1","1","1","1","1","1","1","1","1","1","1","1","0","1","1","1","1","1","1","1","1","1","1"
"204","８４４教室","0","0","0","0","0","0","0","0","0","0","0","1","0","0","1","0","0","0","0","0","0","0","0","0","0"
"205","研究室１３１２","0","0","1","0","0","0","0","0","0","0","0","0","0","0","1","0","0","0","0","0","0","0","0","0","0"
"206","７８３教室","0","0","1","1","1","1","1","1","0","0","1","0","1","1","1","1","1","1","1","0","0","1","0","1","1"
"207","３０３教室","0","1","1","1","1","1","0","1","0","0","1","1","1","1","0","1","1","1","1","0","1","1","1","1","1"
"208","研究室１３０７","0","0","0","0","0","0","0","0","0","0","0","1","0","1","0","0","0","0","0","0","0","0","0","0","0"
"209","５５１教室","0","1","1","1","1","0","0","0","0","0","0","1","1","1","1","1","1","1","0","0","1","1","1","0","0"
"210","１００８１教室","0","1","1","1","1","1","1","0","0","1","1","1","1","0","1","1","1","1","1","1","0","1","1","1","1"
"211","研究室１００８","0","0","0","0","0","0","0","0","0","0","0","0","0","0","1","1","1","0","0","0","0","0","0","0","0"
"212","ゼミ４３教室","0","1","1","1","1","0","1","0","0","0","1","0","1","1","1","0","1","1","1","1","1","0","0","1","1"
"213","１０１１３教室","1","1","1","1","1","1","1","1","1","0","1","1","1","1","1","1","1","1","1","1","1","1","1","1","1"
"214","１３教室","0","1","1","1","0","1","1","1","0","1","0","1","1","1","1","0","1","1","0","1","0","0","1","0","0"
"215","研究室１１１５","0","0","1","1","0","0","0","0","0","0","0","0","0","0","0","0","0","0","0","0","0","0","0","0","0"
"216","７３１教室","0","0","0","0","0","0","0","0","0","0","0","0","0","0","0","0","0","0","1","1","0","0","0","0","0"
"217","１０１１１教室","1","1","1","1","1","1","1","1","1","0","1","1","1","1","1","0","1","1","1","1","1","1","1","1","1"
"218","７７１教室","0","0","1","0","1","0","0","0","0","0","0","0","0","0","0","0","0","0","1","1","0","0","0","0","0"
"219","７８１教室","0","0","0","0","0","0","0","0","0","0","0","0","0","0","1","0","0","0","0","1","0","0","0","0","0"
"220","研究室９０２","0","0","1","1","0","0","0","0","0","0","0","0","0","0","0","0","0","0","0","0","0","0","0","0","0"
"221","ゼミ１０１２Ｈ","0","0","1","0","1","1","0","0","0","0","0","1","1","1","1","0","1","1","1","1","0","1","1","0","1"
"222","７８４教室","0","0","1","1","1","1","1","1","0","0","1","1","1","1","0","1","1","1","1","1","1","1","1","1","1"
"223","８４１教室","1","0","0","0","0","0","0","0","0","0","0","1","0","1","0","1","0","0","0","1","0","0","0","1","0"
"224","８４２教室","0","1","1","0","1","0","1","0","0","1","0","0","0","0","1","0","1","0","1","0","0","1","0","0","0"
"225","研究室１１０９","0","0","0","0","1","0","0","0","0","0","1","0","0","0","1","0","0","0","0","1","0","0","0","0","0"
"226","８３４教室","0","0","0","0","0","0","0","0","0","0","0","1","0","0","0","0","0","0","0","0","0","0","1","0","0"
"227","１０１０４教室","1","1","1","1","1","1","1","1","0","0","1","1","1","1","1","1","1","1","1","1","0","1","1","0","0"
"228","ゼミ１０１２Ｆ","0","0","1","1","1","0","1","0","0","0","0","1","1","1","1","0","1","1","1","1","1","1","1","0","1"
"229","研究室１１０５","0","0","0","0","0","0","0","0","0","0","1","1","1","0","0","0","0","0","0","0","0","0","0","1","0"
"230","研究室９１４","0","1","0","0","1","0","0","0","0","0","0","0","0","0","0","0","0","0","0","0","0","1","0","1","0"
"231","１００８２教室","1","1","1","1","1","0","0","0","0","1","1","0","1","1","1","0","0","1","1","1","1","1","1","1","0"
"232","ゼミ１０１２Ｅ","0","0","1","1","1","0","1","0","0","0","0","1","1","1","1","0","1","1","0","1","1","1","0","0","1"
"233","プール","0","0","0","0","0","1","1","0","0","0","1","1","0","0","0","1","1","0","0","0","1","1","1","0","0"
"234","ゼミ４６教室","0","0","1","1","1","0","1","0","0","0","1","0","1","1","1","0","0","1","1","1","0","1","0","1","0"
"235","体育室２","1","1","1","1","1","1","1","1","1","1","1","1","1","1","1","1","1","1","1","1","1","1","1","1","1"
"236","７７４教室","0","0","0","0","0","1","0","0","0","0","0","0","1","1","1","0","0","0","1","0","0","0","0","0","0"
"237","７６４教室","0","0","0","1","0","1","0","0","0","0","0","0","1","1","1","0","0","0","1","1","0","0","0","0","0"
"238","８２２教室","1","1","1","1","1","1","1","1","0","0","1","1","1","1","0","0","1","1","1","0","0","1","1","1","0"
"239","５６１教室","0","1","1","1","1","0","1","0","0","0","1","1","1","1","1","1","1","1","1","0","1","1","1","0","0"
"240","研究室１０１１","0","0","0","0","0","0","0","0","0","0","0","0","0","1","0","0","1","0","1","0","0","1","0","0","0"
"241","研究室１１１６","0","0","0","0","0","0","0","0","0","0","0","0","0","0","0","0","0","0","0","0","1","1","0","1","0"
"242","１００９１教室","0","1","1","1","1","1","0","0","0","0","1","1","1","1","1","1","1","1","1","1","1","1","1","1","1"
"243","研究室１２０８","0","0","0","0","0","0","0","0","0","0","1","0","0","0","0","0","0","0","0","0","1","0","0","0","1"
"244","４２７教室","0","1","1","1","0","0","1","0","0","0","1","1","0","0","0","1","1","1","1","1","0","1","1","0","0"
"245","研究室１１０４","1","1","1","1","0","0","0","0","0","0","0","0","0","0","0","0","0","0","0","0","0","0","0","0","0"
"246","８３６教室","0","0","1","0","0","0","1","1","0","0","0","1","0","0","1","0","0","0","0","0","0","1","0","0","0"
"247","研究室１３０２","0","0","0","0","0","0","0","0","0","0","0","1","0","0","0","1","1","1","0","0","0","0","0","0","0"
"248","研究室１０１３","0","0","0","0","1","0","0","0","0","0","0","0","0","0","0","0","0","0","0","0","0","1","0","0","0"
"249","７８２教室","0","1","1","1","1","1","1","1","0","0","0","1","1","1","1","1","0","1","1","1","1","1","1","1","1"
"250","研究室１００１","0","0","0","0","0","0","0","0","0","0","1","0","0","0","0","0","0","0","1","1","0","0","0","0","0"
"251","研究室１１１１","0","0","0","0","0","0","0","0","0","0","0","0","0","1","0","0","0","0","0","0","1","1","0","0","0"
"252","研究室１００５","1","0","0","0","0","1","0","0","0","0","0","0","0","0","0","1","0","0","0","0","1","0","0","0","0"
"253","研究室１１１３","0","0","1","1","0","0","0","0","0","0","0","0","0","0","0","0","0","0","1","1","0","0","0","0","0"
"254","８３３教室","0","0","0","0","1","0","0","0","0","0","0","0","0","0","0","0","0","0","0","1","0","0","0","0","0"
"255","ゼミ４４教室","0","0","1","1","1","0","0","0","1","0","1","0","1","1","1","0","0","1","0","1","0","0","1","0","1"
"256","研究室１２０７","0","0","0","0","0","1","0","0","0","0","0","0","1","1","0","0","0","0","1","1","0","0","0","0","0"
"257","２０２教室","0","1","1","1","1","1","1","1","0","1","1","1","1","0","1","1","1","1","1","1","1","1","1","1","0"
"258","７６３教室","0","0","0","1","1","1","0","0","0","0","0","0","1","0","1","0","0","0","1","1","0","0","0","1","0"
"259","研究室１３１３","0","0","0","1","1","0","0","0","0","0","0","0","0","1","1","0","0","0","0","0","0","0","0","0","0"
"260","研究室１１１７","0","1","1","0","0","0","0","0","0","0","0","0","0","0","0","0","0","0","0","0","0","0","0","0","0"
"261","８４３教室","0","0","0","0","0","0","0","0","0","0","0","0","0","0","0","0","0","0","0","1","0","0","0","0","0"
"262","研究室１２１０","0","0","0","0","0","0","0","0","0","0","0","0","0","1","0","0","0","0","0","0","0","0","0","0","1"
"263","７７２教室","0","1","1","1","0","0","0","0","0","0","0","0","0","0","0","0","0","0","1","0","0","0","0","0","1"
"264","研究室１２０６","0","0","0","0","0","0","0","0","0","0","0","0","0","0","0","0","0","0","0","0","0","0","1","1","0"
"265","研究室１２０９","0","0","0","0","0","0","0","0","0","0","0","0","0","0","0","1","1","1","1","0","0","0","0","0","0"
"266","研究室１００７","0","0","0","0","0","0","0","0","0","0","0","0","0","0","0","0","0","0","0","0","0","0","1","0","1"
"267","研究室８４０５","0","0","0","0","0","0","0","0","0","0","0","0","0","0","0","0","0","0","0","0","0","0","0","1","1"
"268","研究室１３０４","0","0","0","0","0","0","0","0","0","0","0","0","0","0","0","0","0","0","0","0","0","0","0","1","0"
"269","ゼミ４１教室","0","0","1","1","0","0","0","0","1","0","0","0","1","1","1","0","0","1","1","1","0","0","1","0","0"
"270","研究室８５１７","1","0","1","0","0","0","0","0","0","0","0","0","0","0","0","0","0","0","0","0","0","0","0","0","0"
"271","ゼミ１０１２Ｉ","0","0","1","1","0","0","0","0","0","0","0","0","1","1","1","0","0","1","1","1","0","1","1","1","1"
"272","研究室１２０２","0","0","0","0","0","0","0","0","0","0","0","0","1","1","0","0","0","0","0","0","0","0","0","0","0"
"273","研究室１０１２","0","0","0","0","0","0","0","0","0","0","0","0","0","0","1","0","0","0","0","0","0","0","0","0","0"
"274","自然科学実験室１","0","0","0","0","0","0","0","0","0","0","0","0","0","1","1","0","0","0","0","0","0","0","0","0","0"
"275","７７３教室","0","0","1","0","0","0","0","0","0","0","0","0","0","0","0","0","0","0","0","0","0","0","0","0","0"
"276","研究室１１１２","0","0","0","0","0","0","0","0","0","0","0","1","1","0","0","0","0","0","0","0","0","0","0","0","0"
"277","ＣＡＬＬ教室２","0","0","1","1","0","1","1","1","0","0","0","1","1","1","1","1","1","0","0","0","0","0","0","0","0"
"278","西グラウンド","0","0","0","0","0","1","1","0","0","0","1","1","0","0","0","1","1","0","0","0","1","1","0","0","0"
"279","第一体育館","0","0","1","1","0","1","1","0","0","0","1","1","1","0","0","1","1","1","0","0","1","1","1","0","0"
"280","７２５教室","0","1","1","1","1","0","1","1","1","0","1","1","1","1","0","0","0","1","1","0","1","1","1","0","0"
"281","９６４教室","0","0","0","0","0","0","0","0","0","0","1","1","0","0","0","1","0","0","0","0","0","0","0","0","0"
"282","５２７教室","0","0","0","0","0","0","0","0","1","0","0","0","1","1","0","0","0","0","0","0","0","0","0","0","0"
"283","卓球場Ｂ","0","0","1","0","0","1","1","1","0","0","0","0","0","1","0","1","1","1","0","0","1","1","1","0","0"
"284","９６５教室","1","1","1","1","0","1","0","1","1","1","1","0","1","1","0","1","1","1","1","0","1","1","0","0","0"
"285","研究室９７０１","0","0","0","0","0","0","0","0","0","0","0","0","0","0","0","0","1","0","0","1","0","0","0","0","0"
"286","考古学教室","0","0","1","0","0","0","0","0","0","0","0","0","0","0","0","0","0","0","0","0","1","1","1","0","0"
"287","研究室８３１３","0","0","0","0","0","0","0","0","0","0","0","0","0","0","0","0","0","0","0","0","1","1","0","0","0"
"288","ゼミ１０５Ｂ","0","0","0","0","0","0","0","0","0","0","0","1","0","1","0","0","0","0","1","1","0","0","1","1","0"
"289","ゼミ１０５Ｑ","0","0","0","1","1","0","0","0","0","0","0","1","0","0","0","0","0","0","1","0","0","0","0","0","0"
"290","研究室１０６２５","0","0","0","0","0","1","1","0","0","0","0","0","0","0","0","0","0","0","0","0","0","0","0","0","0"
"291","ゼミ１０５Ｐ","0","0","0","0","0","0","0","0","0","0","0","0","0","0","0","0","0","1","0","0","0","0","0","0","0"
"292","研究室８３１１","0","0","0","0","0","0","0","0","0","0","0","0","0","0","0","1","0","0","0","1","0","0","0","0","0"
"293","トレーニング室","0","0","0","0","0","1","1","0","0","0","1","1","1","0","0","1","1","0","0","0","1","1","1","1","0"
"294","第二体育館","0","0","0","0","0","0","0","0","0","0","0","0","0","0","1","0","0","0","0","0","0","0","0","0","0"
"295","９６２教室","0","1","0","0","0","0","0","0","1","0","0","0","0","1","0","1","1","1","0","0","0","0","0","0","0"
"296","研究室１０６１７","0","0","0","0","0","0","0","0","0","0","0","0","0","0","0","1","0","0","0","0","1","0","0","0","0"
"297","９６３教室","0","0","0","0","0","0","0","0","0","0","0","0","0","0","0","0","1","0","0","0","0","0","0","0","0"
"298","２２３教室","0","1","1","1","0","0","1","0","0","0","0","1","1","0","0","0","0","1","1","1","0","1","0","0","0"
"299","研究室３５０１","0","0","0","0","0","0","0","0","0","0","0","0","0","0","0","0","0","0","1","1","0","0","0","0","0"
"300","研究室１０６２１","0","0","0","0","0","0","0","0","0","0","0","0","0","0","0","0","0","0","0","0","0","0","0","1","1"
"301","研究室８３２６","1","0","1","1","1","0","0","0","0","0","0","0","0","0","0","0","0","0","0","0","0","0","0","0","0"
"302","ゼミ１０５Ｒ","0","0","0","1","0","0","0","0","0","0","0","1","1","1","1","1","1","0","1","0","0","0","0","1","0"
"303","研究室３６０６","0","0","0","0","0","0","0","0","0","0","1","0","0","0","0","0","1","0","0","0","0","0","0","0","0"
"304","１２３教室","0","1","1","0","0","1","1","0","0","0","0","1","1","1","0","0","0","1","1","0","0","0","0","1","1"
"305","研究室３４０９","0","0","0","0","0","0","0","0","0","0","0","0","0","0","0","0","0","0","0","1","0","0","1","0","0"
"306","ゼミ１０５Ａ","0","0","0","0","0","0","0","0","0","0","0","1","0","0","0","0","0","0","0","0","0","0","1","1","1"
"307","研究室３６１６","0","0","0","0","0","1","1","0","0","0","0","0","0","1","1","0","0","0","0","0","0","0","0","0","0"
"308","２２５教室","0","1","0","1","1","0","0","1","1","0","0","1","1","1","0","0","0","0","1","1","0","1","0","1","0"
"309","ゼミ１０１Ｇ","0","0","0","1","0","0","0","0","0","0","1","1","1","1","0","0","1","1","1","0","0","1","0","0","0"
"310","研究室３４１２","0","0","0","0","0","0","0","0","0","0","0","0","1","0","0","1","1","0","0","0","0","0","0","0","0"
"311","研究室３５１８","0","0","0","0","0","0","0","0","0","0","0","0","0","0","1","1","0","0","0","0","0","0","0","0","0"
"312","５２４教室","0","0","0","0","0","0","0","0","0","0","0","0","0","1","0","0","0","0","0","0","0","0","0","0","0"
"313","ゼミ１０５Ｋ","0","0","0","1","1","0","0","0","0","0","0","1","0","0","0","0","0","0","0","0","0","0","0","0","0"
"314","研究室１０６１３","0","0","0","0","0","0","0","0","0","0","0","0","0","0","0","0","0","0","0","0","1","1","0","0","0"
"315","７５１教室","1","1","0","1","1","1","1","1","1","1","1","1","1","1","0","0","0","1","1","1","1","1","0","0","0"
"316","ゼミ１０１Ｅ","0","0","0","0","0","0","0","0","0","0","0","1","1","1","0","0","1","1","1","0","0","0","0","1","0"
"317","９６６教室","0","1","1","0","0","0","1","1","1","0","0","0","0","0","0","1","1","1","0","0","1","1","0","0","0"
"318","研究室１０６１６","0","0","0","0","0","0","0","0","0","0","0","0","1","0","0","0","0","0","0","1","0","0","0","0","0"
"319","研究室８３１０","0","0","0","0","0","0","0","0","0","0","0","0","1","0","0","1","0","0","0","0","0","0","0","0","0"
"320","ゼミ１０５Ｘ","0","0","0","1","0","0","0","0","0","0","0","1","1","1","0","0","0","0","0","0","0","0","0","0","0"
"321","研究室３６０５","0","0","0","0","0","0","0","0","0","0","0","0","0","1","1","0","0","0","0","0","0","0","0","0","0"
"322","端末室Ｃ","1","0","0","0","1","0","0","0","0","0","0","0","1","1","0","0","0","0","0","0","0","0","0","0","0"
"323","研究室９７１６","0","0","0","0","0","0","0","0","0","0","0","0","0","0","0","0","0","0","0","0","0","0","1","1","0"
"324","２２７教室","0","1","1","0","0","0","1","0","0","0","0","1","0","0","0","0","1","1","1","1","0","1","0","0","0"
"325","５１１教室","0","1","1","1","0","1","1","0","0","0","0","1","1","1","1","0","1","1","1","1","0","1","1","0","1"
"326","研究室３４１３","0","1","1","0","0","0","0","0","0","0","0","0","0","0","0","0","0","0","0","0","0","0","0","0","0"
"327","ゼミ１０１Ｂ","0","0","0","1","0","0","0","0","0","0","0","1","1","1","0","0","0","0","1","1","0","0","0","0","0"
"328","３３８教室","0","1","1","1","1","1","1","0","0","0","1","1","1","0","1","1","0","1","0","0","0","0","0","0","0"
"329","５４２教室","1","1","1","1","0","1","1","0","0","0","0","1","1","1","0","1","1","0","1","1","1","1","1","1","0"
"330","ＣＡＬＬ教室Ｃ","1","1","1","1","0","0","1","0","0","0","1","1","1","1","0","0","0","1","1","0","0","0","1","1","0"
"331","ＣＡＬＬ教室Ｂ","0","0","1","1","0","1","1","1","1","0","1","1","1","1","0","0","0","1","0","0","1","1","0","1","1"
"332","研究室５０６","0","0","0","0","0","0","1","0","0","0","0","0","0","0","0","1","0","0","1","0","0","0","0","1","0"
"333","研究室７１３","0","0","0","0","0","1","1","1","0","0","1","0","0","0","0","0","0","0","0","0","0","0","0","0","0"
"334","研究室６０７","0","0","0","0","0","1","0","0","0","0","1","0","0","0","0","0","0","0","0","0","0","0","0","0","0"
"335","７５２教室","0","1","0","0","0","0","0","1","1","0","0","0","1","0","0","0","0","0","0","0","0","1","1","0","0"
"336","研究室５０７","0","0","0","0","0","0","0","0","0","0","0","0","0","1","0","0","0","0","1","0","0","0","0","0","0"
"337","研究室１４１７","0","0","0","0","0","0","1","1","0","0","0","0","0","0","0","0","0","0","0","0","0","0","0","0","0"
"338","研究室５１０","0","0","0","0","0","0","1","1","0","0","0","0","0","0","0","0","0","0","1","0","0","0","0","0","0"
"339","研究室５１３","0","0","0","0","0","0","0","0","0","0","0","0","0","0","0","0","0","0","0","0","0","0","1","1","0"
"340","研究室７０９","0","0","0","0","0","0","0","0","0","0","0","0","0","0","0","0","1","1","0","0","0","0","0","0","0"
"341","研究室５０９","0","0","0","0","0","0","0","0","0","0","0","0","0","1","1","0","0","0","0","0","0","0","0","0","0"
"342","研究室９０１","0","0","0","0","0","0","1","1","0","0","0","0","0","0","0","0","0","0","0","0","0","0","0","0","0"
"343","研究室１４１６","0","1","0","0","0","0","0","1","0","0","0","0","0","0","0","0","0","0","0","0","0","0","0","0","0"
"344","ゼミ１０１２Ｇ","0","0","1","1","1","0","0","0","0","0","0","1","1","1","1","0","0","1","0","0","0","1","0","1","0"
"345","研究室５１２","0","0","0","0","0","0","0","1","0","0","0","0","0","0","0","0","0","0","0","0","0","0","0","0","0"
"346","研究室９１６","0","0","0","0","0","0","0","0","0","0","0","0","0","1","1","0","0","0","0","0","0","0","0","0","0"
"347","研究室１４１５","0","0","0","0","0","0","0","0","0","0","0","1","0","0","0","0","0","0","1","0","0","0","0","0","0"
"348","研究室６０３","0","0","0","0","0","1","1","0","0","0","0","0","0","0","0","0","0","0","0","0","0","0","0","0","0"
"349","ゼミ１０５Ｄ","0","0","0","0","0","0","1","0","0","0","0","0","0","0","0","0","0","0","1","0","0","0","0","0","0"
"350","研究室１４０４","0","0","0","0","0","0","0","0","0","0","0","0","0","0","0","0","0","1","1","0","0","0","0","0","0"
"351","研究室７１４","0","1","0","0","1","0","0","0","0","0","0","0","0","0","0","0","0","0","0","0","0","0","0","0","0"
"352","研究室７０７","0","0","0","0","0","0","0","0","0","0","0","0","0","0","0","0","0","0","0","0","0","0","1","1","0"
"353","研究室９１３","0","0","0","0","1","0","0","0","0","0","0","0","0","0","0","0","0","0","0","0","0","0","0","0","0"
"354","研究室６０４","0","0","0","0","0","0","1","1","0","0","0","0","0","0","0","0","0","0","0","0","0","0","0","0","0"
"355","研究室３５１５","0","0","0","1","0","0","0","0","0","0","1","0","0","0","1","0","0","0","0","0","0","0","0","0","0"
"356","研究室３４０３","1","0","0","0","1","0","0","0","0","0","0","0","0","0","0","0","0","1","1","0","0","0","0","0","0"
"357","研究室９５０２","0","0","0","0","0","0","0","0","0","0","1","0","0","1","1","0","0","0","0","0","0","0","0","0","0"
"358","ＣＡＬＬ教室Ｄ","0","0","1","0","0","0","0","0","0","0","0","1","0","0","0","0","0","0","0","0","0","0","0","0","0"
"359","ＣＡＬＬ教室Ａ","1","1","1","1","0","0","1","1","1","1","1","1","1","1","0","1","1","1","1","0","0","0","0","0","0"
"360","研究室８４０４","0","0","0","0","0","1","0","0","0","0","0","0","0","0","0","0","0","0","0","1","0","0","0","0","0"
"361","研究室３４０１","0","0","1","0","1","0","0","0","0","1","0","0","0","1","0","0","0","0","0","0","0","0","0","0","0"
"362","研究室４Ｆ２３","1","1","0","0","0","1","0","0","0","0","0","1","0","0","0","0","0","0","0","0","0","0","0","0","0"
"363","地理学実習室","0","0","0","0","1","0","0","0","0","0","0","0","0","0","0","0","0","1","0","0","0","0","0","0","0"
"364","研究室３６１０","0","1","1","0","0","0","0","0","0","0","0","0","0","1","1","0","0","0","0","0","0","0","0","0","0"
"365","研究室９５２１","1","0","0","0","0","0","0","1","0","0","0","0","0","1","0","1","0","0","0","0","0","0","0","0","0"
"366","研究室３４２０","0","1","0","1","0","1","0","0","0","0","0","0","0","0","0","0","1","0","0","0","0","0","0","0","0"
"367","研究室９５１０","0","0","0","0","0","0","0","0","0","0","0","0","0","0","0","0","0","0","0","0","1","0","0","1","1"
"368","研究室４Ｆ２１","1","0","0","1","0","0","0","0","0","0","0","1","0","0","1","0","0","0","0","0","0","0","0","0","0"
"369","地理学調査実習室","0","0","0","0","0","0","1","0","0","0","0","0","0","0","0","0","0","0","0","0","0","0","0","0","0"
"370","研究室３６１１","0","1","0","1","0","0","0","0","0","0","0","0","0","0","0","0","0","0","0","0","1","0","0","0","0"
"371","演習室Ｈ０９","0","0","0","0","1","1","0","0","0","0","0","0","0","0","0","0","0","0","0","0","1","0","0","0","0"
"372","研究室９５０８","1","0","0","0","0","1","0","0","0","0","0","0","0","0","0","0","0","0","1","1","0","0","0","0","0"
"373","研究室１０６１５","0","0","1","1","0","0","0","0","0","0","0","1","0","0","0","0","0","0","0","0","1","0","0","0","0"
"374","研究室１０６２６","0","0","0","0","0","0","0","0","0","0","0","0","0","0","0","1","1","0","0","0","0","0","0","0","0"
"375","ゼミ１０５Ｗ","0","0","0","0","0","0","0","0","0","0","0","1","0","0","0","0","0","0","1","1","0","0","0","0","0"
"376","研究室８４０１","0","0","0","0","1","0","0","0","0","0","0","0","0","0","0","0","0","0","0","0","0","0","0","0","0"
"377","研究室９６１４","1","1","0","0","0","0","0","0","0","0","0","0","0","0","0","0","0","0","0","0","0","0","0","0","0"
"378","研究室９５０９","1","1","0","0","0","1","1","0","0","0","0","0","0","0","0","0","0","0","0","0","0","0","0","0","0"
"379","研究室４Ｆ２４","0","0","0","0","0","0","0","0","0","1","0","0","0","0","0","0","0","1","1","1","0","0","0","0","0"
"380","演習室Ｈ１１","0","1","1","0","1","0","1","0","0","0","0","1","0","0","0","0","0","0","0","0","0","0","0","0","0"
"381","ゼミ１０５Ｉ","0","0","0","0","0","0","0","0","0","0","0","1","0","0","0","0","0","0","0","0","0","0","0","0","0"
"382","研究室１１２１８","0","0","0","0","0","0","1","1","0","0","0","0","0","0","0","0","0","0","0","0","1","0","0","0","0"
"383","研究室４Ｆ１６","1","0","0","0","0","0","0","0","0","0","0","0","0","0","0","0","0","0","0","1","0","0","0","0","0"
"384","研究室１１２１９","0","1","1","1","1","0","0","0","0","0","0","0","0","0","0","0","0","0","0","0","0","0","0","0","0"
"385","研究室３６１２","0","0","0","0","0","0","0","0","0","0","0","0","0","0","0","0","1","1","1","1","0","0","0","0","0"
"386","研究室９５０６","0","0","0","1","1","0","0","0","0","0","0","0","0","0","0","0","0","0","0","1","0","0","0","0","0"
"387","研究室４Ｆ１３","0","0","0","0","0","1","0","0","0","1","0","0","0","0","0","0","0","0","1","1","0","0","0","0","0"
"388","演習室Ｈ０８","0","0","0","0","0","0","0","0","0","0","0","0","1","1","0","0","1","0","0","0","0","0","0","0","0"
"389","演習室Ｈ０１","1","1","0","1","0","1","0","0","0","0","0","0","1","1","0","0","0","0","0","0","0","0","0","0","0"
"390","研究室９５０４","0","0","0","0","0","0","0","0","0","0","1","1","0","0","0","0","0","0","0","0","1","1","0","0","0"
"391","演習室Ｈ０２","0","0","0","0","0","0","0","0","0","0","0","0","0","0","0","0","0","0","0","1","1","0","1","1","1"
"392","研究室９５２０","0","0","0","0","0","0","0","0","0","0","0","0","0","0","0","0","0","0","0","1","1","0","0","0","0"
"393","研究室８４０３","0","0","0","0","0","0","0","0","0","0","0","0","0","0","0","0","1","0","0","1","1","0","1","0","0"
"394","研究室９５０１","0","0","0","0","0","0","0","0","0","0","0","0","0","0","0","0","0","0","1","1","0","1","1","0","0"
"395","研究室８３２０","0","0","0","0","0","0","0","0","0","0","0","0","0","0","0","0","0","0","0","1","0","0","0","0","0"
"396","ゼミ１０５Ｍ","0","0","0","0","0","0","0","0","0","0","0","1","0","0","0","0","0","0","1","0","0","0","0","0","0"
"397","研究室１０６３０","0","0","0","0","0","0","0","0","0","0","0","0","0","0","1","0","0","0","0","0","0","0","0","0","0"
"398","研究室３５０７","0","0","0","0","0","0","0","0","0","1","0","0","0","0","0","0","0","0","0","0","0","0","0","0","0"
"399","研究室９５０５","0","0","0","0","0","0","0","0","0","0","0","1","1","0","1","0","0","0","0","0","0","0","0","0","0"
"400","研究室４Ｆ２２","1","0","0","1","1","0","0","0","0","0","0","1","0","0","1","0","0","0","0","0","0","0","0","0","0"
"401","研究室３６１４","0","0","0","0","0","0","0","0","0","0","1","1","0","0","0","0","0","0","0","0","0","0","0","0","0"
"402","研究室１１２１７","0","0","0","0","0","0","0","0","0","0","0","0","1","1","0","1","1","0","0","0","0","0","0","0","0"
"403","研究室１１２１３","0","0","0","0","0","0","0","0","0","0","1","1","0","0","0","0","0","0","0","0","0","0","0","0","0"
"404","研究室９５０７","0","0","0","0","0","0","0","0","0","0","0","0","0","0","0","0","0","0","0","0","1","1","1","1","0"
"405","研究室９５１２","0","0","0","0","0","0","0","0","0","0","0","0","0","0","0","0","0","0","0","0","0","0","0","0","1"
"406","研究室９６１５","1","0","0","0","0","0","0","0","0","0","0","0","0","0","0","1","0","0","0","0","0","0","0","0","0"
"407","研究室９６０７","0","0","1","0","0","0","0","0","0","0","0","0","0","0","0","0","0","0","0","0","0","0","0","0","0"
"408","ゼミ１０５Ｖ","0","0","0","1","0","0","0","0","0","0","0","1","0","0","0","0","0","0","0","0","0","0","0","0","0"
"409","書道室","0","1","1","1","0","0","0","0","1","1","0","1","1","1","1","0","0","1","1","0","0","0","0","1","0"
"410","研究室９５０３","0","0","0","0","0","1","1","0","0","0","0","0","0","0","0","0","0","0","0","0","1","1","0","0","0"
"411","研究室８４０２","0","0","0","0","0","0","0","0","0","0","0","0","0","0","0","0","0","1","0","1","0","0","0","0","0"
"412","研究室１０６２２","0","0","0","0","0","0","0","0","0","0","0","0","0","0","0","0","1","0","1","0","0","0","0","0","0"
"413","研究室４Ｆ１４","0","0","0","0","0","1","1","0","0","0","0","0","0","0","0","0","0","0","1","1","1","0","0","0","1"
"414","研究室９６０４","0","0","0","0","0","0","0","0","0","0","0","0","0","0","0","0","0","0","0","0","0","0","1","0","0"
"415","地理学空間情報処理室","0","0","0","0","0","0","0","0","0","0","0","0","0","0","0","0","0","0","0","0","0","0","0","0","1"
"416","端末室Ｄ","0","0","1","1","1","0","0","0","0","0","0","0","0","0","0","0","0","1","0","0","0","0","0","0","0"
"417","ゼミ１０５Ｔ","0","0","1","1","0","0","0","0","0","0","0","1","1","0","1","0","0","0","1","0","0","0","0","1","1"
"418","定時外","0","0","0","0","0","0","0","0","0","0","0","0","0","0","0","0","0","0","0","0","0","0","0","1","0"
"419","ゼミ１０５Ｃ","0","0","0","0","0","0","0","0","0","0","0","1","1","0","0","0","0","0","0","0","0","0","0","0","0"
"420","研究室４Ｆ０８","0","0","0","0","0","0","0","0","0","0","0","0","0","0","0","1","1","1","1","1","0","0","0","0","0"
"421","社会調査実習室１","0","0","0","1","1","0","0","0","0","0","0","1","1","0","0","0","1","1","1","0","0","1","1","1","1"
"422","研究室４４０４","0","0","0","0","0","0","0","0","0","0","1","0","0","0","0","0","0","0","0","0","0","0","0","0","0"
"423","ゼミ４４Ｂ","0","0","1","1","1","0","0","0","0","0","0","0","0","0","0","0","1","0","0","0","1","0","0","0","0"
"424","社会調査実習室６","1","0","1","0","0","1","1","0","0","0","1","0","0","0","0","0","0","0","0","0","0","0","0","0","0"
"425","社会調査実習室３","0","0","0","0","0","0","1","0","0","0","0","1","1","0","0","0","1","1","1","0","0","0","0","0","0"
"426","研究室１１２０４","0","0","0","0","0","1","0","0","0","0","0","1","1","0","0","0","0","0","0","0","0","0","0","0","0"
"427","研究室４Ｆ０５","0","0","0","1","1","0","0","0","0","0","1","0","0","1","1","0","0","0","0","0","0","0","0","0","0"
"428","社会調査実習室２","0","0","0","1","1","0","0","0","0","0","0","1","1","0","0","0","1","0","1","0","0","1","1","1","0"
"429","社会学パソコン室","1","0","0","1","0","1","1","1","0","0","0","1","0","0","0","0","1","1","1","1","0","0","0","1","1"
"430","研究室４４０２","1","0","0","1","1","0","0","0","0","0","0","0","0","0","0","0","0","0","0","0","0","0","0","0","0"
"431","研究室４４０３","0","0","0","1","0","0","0","0","0","0","0","0","0","0","0","1","1","0","0","0","0","0","0","0","0"
"432","研究室４４０１","0","0","0","0","0","0","0","0","0","0","0","0","0","0","0","0","0","0","0","0","0","0","1","0","0"
"433","研究室８３２１","0","0","1","0","0","1","0","0","0","0","0","1","1","1","0","0","0","0","0","0","0","0","0","0","0"
"434","ゼミ９８Ｆ","0","0","0","0","0","0","0","0","0","0","0","0","0","0","0","0","0","0","1","1","0","0","0","0","0"
"435","研究室１１２０９","0","0","0","0","0","0","0","0","0","0","0","1","0","0","0","0","0","0","0","0","0","0","0","0","0"
"436","研究室４Ｆ０７","0","1","0","0","0","0","0","0","0","0","1","1","1","0","0","0","0","0","0","0","0","0","0","0","0"
"437","演習室Ｈ０７","0","0","0","0","0","1","1","0","0","0","1","0","0","0","1","0","0","0","0","0","1","0","0","0","0"
"438","研究室１１２１１","0","1","1","0","0","1","0","0","0","0","0","0","0","1","0","1","0","0","0","0","0","0","0","0","0"
"439","ゼミ１０５Ｌ","0","0","0","0","0","0","0","0","0","0","0","1","0","0","0","0","0","0","0","0","0","0","0","0","0"
"440","研究室１１２０７","0","0","0","0","0","0","0","0","0","0","0","1","1","1","1","0","0","0","0","0","0","0","0","0","0"
"441","研究室１１２０８","0","1","1","0","1","1","0","0","0","0","0","0","0","0","0","0","0","0","0","0","0","0","0","0","0"
"442","研究室４Ｆ１８","0","0","0","0","0","1","1","0","0","0","0","0","0","0","0","0","0","0","0","0","0","0","0","0","0"
"443","研究室９７１８","0","0","0","0","0","1","1","0","0","0","1","0","0","0","0","0","0","0","1","1","0","0","0","0","0"
"444","研究室１１２１２","0","0","0","1","1","0","1","0","0","0","0","0","0","0","1","0","0","0","0","0","0","0","0","0","1"
"445","研究室１１２１０","0","0","0","0","0","0","1","0","0","0","1","0","1","0","0","0","0","1","0","0","0","0","1","0","0"
"446","研究室１１２０１","0","0","0","0","0","0","0","0","0","0","0","1","0","0","0","0","0","0","0","0","0","0","0","0","0"
"447","研究室４Ｆ０６","0","0","0","0","0","0","0","0","0","0","1","0","0","0","0","1","0","1","0","0","0","0","0","0","0"
"448","社会調査実習室４","0","0","0","0","0","0","0","0","0","0","0","0","0","0","0","0","0","0","1","1","0","0","0","0","0"
"449","研究室１１２０５","0","0","0","0","0","0","0","0","0","0","0","1","0","0","0","0","0","0","0","0","0","0","0","0","0"
"450","研究室１１２０６","0","0","0","0","0","0","0","0","0","0","0","1","0","0","0","0","1","1","0","0","0","0","0","0","0"
"451","心理学パソコン室","0","0","0","0","0","0","0","0","0","0","0","0","0","0","0","0","0","0","0","0","0","0","0","0","1"
"452","研究室６１１","0","0","0","0","0","0","0","0","0","0","0","0","1","1","0","0","0","0","0","0","0","0","0","0","0"
"453","研究室６１３","0","0","0","0","0","0","0","0","0","0","0","0","0","0","0","0","0","0","0","0","0","1","1","1","1"
"454","研究室１０１５","0","0","0","0","0","0","1","0","0","0","0","1","0","0","0","0","0","0","0","0","0","1","0","0","0"
"455","研究室６１４","0","1","0","0","0","0","0","0","0","0","0","0","0","0","0","0","0","0","0","0","0","0","0","0","0"
"456","研究室８５０５","0","0","1","1","0","0","0","0","0","0","0","0","0","0","0","0","0","0","0","0","0","0","0","0","0"
"457","８３５教室","0","1","0","0","0","0","0","0","1","0","0","0","0","0","0","1","1","1","0","0","0","0","1","0","0"
"458","８３７教室","0","1","0","0","0","0","0","0","1","0","1","0","0","0","0","0","0","1","0","0","1","1","0","0","0"
"459","８４５教室","0","0","0","1","0","0","0","0","0","0","0","0","1","0","0","0","0","0","0","1","0","0","1","0","0"
